{"cameraMode":{"drawMode":0,"name":"Shaded","section":"Shading Mode"},"sceneLighting":true,"audioPlay":false,"sceneViewState":{"showFog":true,"showMaterialUpdate":false,"showSkybox":true,"showFlares":true,"showImageEffects":true,"showParticleSystems":true},"in2DMode":false,"pivot":{"x":-3.9992716312408449,"y":-0.6659228801727295,"z":11.795042037963868},"rotation":{"x":-0.07788749784231186,"y":0.09317430853843689,"z":-0.007311332039535046,"w":-0.9925717115402222},"size":20.849712371826173,"orthographic":false}