{"cameraMode":{"drawMode":0,"name":"Shaded","section":"Shading Mode"},"sceneLighting":true,"audioPlay":false,"sceneViewState":{"showFog":true,"showMaterialUpdate":false,"showSkybox":true,"showFlares":true,"showImageEffects":true,"showParticleSystems":true},"in2DMode":false,"pivot":{"x":2.0909066200256349,"y":2.8657820224761965,"z":-1.94157075881958},"rotation":{"x":-0.035412758588790897,"y":0.9103410243988037,"z":-0.07968416064977646,"w":-0.40456846356391909},"size":3.374336004257202,"orthographic":false}