{"cameraMode":{"drawMode":0,"name":"Shaded","section":"Shading Mode"},"sceneLighting":true,"audioPlay":false,"sceneViewState":{"showFog":true,"showMaterialUpdate":false,"showSkybox":true,"showFlares":true,"showImageEffects":true,"showParticleSystems":true},"in2DMode":false,"pivot":{"x":33.64541244506836,"y":1.7762947082519532,"z":3.7258200645446779},"rotation":{"x":-0.6241312623023987,"y":-0.13123542070388795,"z":0.1073935255408287,"w":-0.7626953125},"size":7.644282341003418,"orthographic":false}