{"cameraMode":{"drawMode":0,"name":"Shaded","section":"Shading Mode"},"sceneLighting":true,"audioPlay":false,"sceneViewState":{"showFog":true,"showMaterialUpdate":false,"showSkybox":true,"showFlares":true,"showImageEffects":true,"showParticleSystems":true},"in2DMode":false,"pivot":{"x":79.65554809570313,"y":6.76803731918335,"z":19.535850524902345},"rotation":{"x":-0.08421428501605988,"y":0.0035877893678843977,"z":-0.0003027042839676142,"w":-0.9964411854743958},"size":43.70945739746094,"orthographic":false}