{"cameraMode":{"drawMode":0,"name":"Shaded","section":"Shading Mode"},"sceneLighting":true,"audioPlay":false,"sceneViewState":{"showFog":true,"showMaterialUpdate":false,"showSkybox":true,"showFlares":true,"showImageEffects":true,"showParticleSystems":true},"in2DMode":false,"pivot":{"x":-9.676294326782227,"y":2.7442049980163576,"z":11.63528823852539},"rotation":{"x":0.008206414990127087,"y":0.3288487493991852,"z":0.0028578301426023247,"w":-0.9443426132202148},"size":22.46251106262207,"orthographic":false}